{
  "dataset_revision": "0fd18e25b25c072e09e0d92ab615fda904d66300",
  "mteb_dataset_name": "Banking77Classification",
  "mteb_version": "1.1.1",
  "test": {
    "accuracy": 0.8568506493506494,
    "accuracy_stderr": 0.00601911625566752,
    "evaluation_time": 739.63,
    "f1": 0.8564468833193036,
    "f1_stderr": 0.0059783832883052645,
    "main_score": 0.8568506493506494
  }
}