{
  "dataset_revision": "0fd18e25b25c072e09e0d92ab615fda904d66300",
  "mteb_dataset_name": "Banking77Classification",
  "mteb_version": "1.1.1",
  "test": {
    "accuracy": 0.8580519480519481,
    "accuracy_stderr": 0.008472470872883149,
    "evaluation_time": 742.86,
    "f1": 0.8573490024195823,
    "f1_stderr": 0.008625126110402784,
    "main_score": 0.8580519480519481
  }
}