{
  "dataset_revision": "0fd18e25b25c072e09e0d92ab615fda904d66300",
  "mteb_dataset_name": "Banking77Classification",
  "mteb_version": "1.1.1",
  "test": {
    "accuracy": 0.8578571428571429,
    "accuracy_stderr": 0.00883785079524628,
    "evaluation_time": 745.22,
    "f1": 0.8571148873555974,
    "f1_stderr": 0.00901233239719452,
    "main_score": 0.8578571428571429
  }
}