{
  "dataset_revision": "0fd18e25b25c072e09e0d92ab615fda904d66300",
  "mteb_dataset_name": "Banking77Classification",
  "mteb_version": "1.1.1",
  "test": {
    "accuracy": 0.8562987012987012,
    "accuracy_stderr": 0.007979618581128218,
    "evaluation_time": 742.45,
    "f1": 0.8557030275007451,
    "f1_stderr": 0.008163952411635481,
    "main_score": 0.8562987012987012
  }
}