{
  "dataset_revision": "0fd18e25b25c072e09e0d92ab615fda904d66300",
  "mteb_dataset_name": "Banking77Classification",
  "mteb_version": "1.1.1",
  "test": {
    "accuracy": 0.8570454545454546,
    "accuracy_stderr": 0.0069802174504276105,
    "evaluation_time": 735.6,
    "f1": 0.8565375467976644,
    "f1_stderr": 0.007174413487798277,
    "main_score": 0.8570454545454546
  }
}