{
  "dataset_revision": "0fd18e25b25c072e09e0d92ab615fda904d66300",
  "mteb_dataset_name": "Banking77Classification",
  "mteb_version": "1.1.1",
  "test": {
    "accuracy": 0.8486363636363636,
    "accuracy_stderr": 0.009199032339644881,
    "evaluation_time": 743.96,
    "f1": 0.847714032146782,
    "f1_stderr": 0.009507343243213897,
    "main_score": 0.8486363636363636
  }
}