{
  "dataset_revision": "0fd18e25b25c072e09e0d92ab615fda904d66300",
  "mteb_dataset_name": "Banking77Classification",
  "mteb_version": "1.1.1",
  "test": {
    "accuracy": 0.858831168831169,
    "accuracy_stderr": 0.008037009603064879,
    "evaluation_time": 743.03,
    "f1": 0.8583343747461122,
    "f1_stderr": 0.008155552975014366,
    "main_score": 0.858831168831169
  }
}