{
  "dataset_revision": "0fd18e25b25c072e09e0d92ab615fda904d66300",
  "mteb_dataset_name": "Banking77Classification",
  "mteb_version": "1.1.1",
  "test": {
    "accuracy": 0.8028246753246753,
    "accuracy_stderr": 0.008315809144866798,
    "evaluation_time": 744.01,
    "f1": 0.8011017759664194,
    "f1_stderr": 0.009030672429560408,
    "main_score": 0.8028246753246753
  }
}