{
  "dataset_revision": "0fd18e25b25c072e09e0d92ab615fda904d66300",
  "mteb_dataset_name": "Banking77Classification",
  "mteb_version": "1.1.1",
  "test": {
    "accuracy": 0.8031818181818181,
    "accuracy_stderr": 0.009915947994252787,
    "evaluation_time": 742.59,
    "f1": 0.8015988987728317,
    "f1_stderr": 0.010546035241084266,
    "main_score": 0.8031818181818181
  }
}