{
  "dataset_revision": "0fd18e25b25c072e09e0d92ab615fda904d66300",
  "mteb_dataset_name": "Banking77Classification",
  "mteb_version": "1.1.1",
  "test": {
    "accuracy": 0.8449675324675324,
    "accuracy_stderr": 0.0087364211674641,
    "evaluation_time": 740.49,
    "f1": 0.8439373511264131,
    "f1_stderr": 0.009029316534617356,
    "main_score": 0.8449675324675324
  }
}