{
  "dataset_revision": "0fd18e25b25c072e09e0d92ab615fda904d66300",
  "mteb_dataset_name": "Banking77Classification",
  "mteb_version": "1.1.1",
  "test": {
    "accuracy": 0.8371753246753247,
    "accuracy_stderr": 0.006600179009823416,
    "evaluation_time": 744.18,
    "f1": 0.836250339428604,
    "f1_stderr": 0.0067652263467299,
    "main_score": 0.8371753246753247
  }
}