{
  "dataset_revision": "0fd18e25b25c072e09e0d92ab615fda904d66300",
  "mteb_dataset_name": "Banking77Classification",
  "mteb_version": "1.1.1",
  "test": {
    "accuracy": 0.8458116883116883,
    "accuracy_stderr": 0.007598304419780691,
    "evaluation_time": 739.33,
    "f1": 0.8451044555174476,
    "f1_stderr": 0.007624845928818947,
    "main_score": 0.8458116883116883
  }
}